SampID,type,replicate,runDate,BMIS.multiplier,FinalBMIS
4uMStdsMix1InH2O,Std,1,200605,10585.882502356555,"Adenine, 15N2 - IS.Norm.Area"
4uMStdsMix1InH2O,Std,2,200605,25390.092034347457,"Adenine, 15N2 - IS.Norm.Area"
4uMStdsMix1InMatrix,Std,1,200605,17217.396987547236,"Adenine, 15N2 - IS.Norm.Area"
4uMStdsMix1InMatrix,Std,2,200605,4334.975250288286,"Adenine, 15N2 - IS.Norm.Area"
4uMStdsMix2InH2O,Std,1,200605,323.0806402503336,"Adenine, 15N2 - IS.Norm.Area"
4uMStdsMix2InH2O,Std,2,200605,13090.685223771616,"Adenine, 15N2 - IS.Norm.Area"
4uMStdsMix2InMatrix,Std,1,200605,4512.187818792066,"Adenine, 15N2 - IS.Norm.Area"
4uMStdsMix2InMatrix,Std,2,200605,6750.845618406616,"Adenine, 15N2 - IS.Norm.Area"
H2OinMatrix,Std,1,200605,6108.3911793856205,"Adenine, 15N2 - IS.Norm.Area"
H2OinMatrix,Std,2,200605,44585.14397060482,"Adenine, 15N2 - IS.Norm.Area"
TruePooGBT,Poo,Full1,200605,0.9960789761259518,"Adenine, 15N2 - IS.Norm.Area"
TruePooGBT,Poo,Full2,200605,0.9321344973017768,"Adenine, 15N2 - IS.Norm.Area"
TruePooGBT,Poo,Full3,200605,0.9606935539367998,"Adenine, 15N2 - IS.Norm.Area"
TruePooGBT,Poo,Full4,200605,0.8556000366732756,"Adenine, 15N2 - IS.Norm.Area"
TruePooGBT,Poo,Full5,200605,0.8395647166380275,"Adenine, 15N2 - IS.Norm.Area"
TruePooGBT,Poo,Full6pos,200605,1.194954888898386,"Adenine, 15N2 - IS.Norm.Area"
TruePooGBT,Poo,Half1,200605,2.0166282936538766,"Adenine, 15N2 - IS.Norm.Area"
TruePooGBT,Poo,Half2,200605,1.7750480614102753,"Adenine, 15N2 - IS.Norm.Area"
TruePooGBT,Poo,Half3,200605,1.8269089276605148,"Adenine, 15N2 - IS.Norm.Area"
TruePooGBT,Poo,Half4,200605,1.6859549455024125,"Adenine, 15N2 - IS.Norm.Area"
TruePooGBT,Poo,Half5,200605,1.611042036922418,"Adenine, 15N2 - IS.Norm.Area"
TruePooGBT,Poo,Half6pos,200605,2.0809518846147945,"Adenine, 15N2 - IS.Norm.Area"
QC2,Poo,1,200605,6.480331817150673,"Adenine, 15N2 - IS.Norm.Area"
QC2,Poo,2,200605,6.5496808087339184,"Adenine, 15N2 - IS.Norm.Area"
QC2,Poo,3,200605,6.508633269971001,"Adenine, 15N2 - IS.Norm.Area"
QC2,Poo,4,200605,5.071902081065639,"Adenine, 15N2 - IS.Norm.Area"
QC2,Poo,5,200605,7.4372114368665425,"Adenine, 15N2 - IS.Norm.Area"
GBTFate1MBlk-IS,Blk,A,200605,0.9080027278410292,"Adenine, 15N2 - IS.Norm.Area"
GBTFate1MBlk-IS,Blk,B,200605,0.930658415254449,"Adenine, 15N2 - IS.Norm.Area"
GBTFate1MT0-IS,Smp,A,200605,1.051132686011948,"Adenine, 15N2 - IS.Norm.Area"
GBTFate1MT0-IS,Smp,B,200605,0.9280161546848001,"Adenine, 15N2 - IS.Norm.Area"
GBTFate1MT0-IS,Smp,C,200605,0.9249926054583528,"Adenine, 15N2 - IS.Norm.Area"
GBTFate1MT12-IS,Smp,A,200605,0.9394167387301884,"Adenine, 15N2 - IS.Norm.Area"
GBTFate1MT12-IS,Smp,B,200605,0.9795777902362741,"Adenine, 15N2 - IS.Norm.Area"
GBTFate1MT12-IS,Smp,C,200605,1.0167694650789956,"Adenine, 15N2 - IS.Norm.Area"
GBTFate1MT36-IS,Smp,A,200605,0.8652872769982121,"Adenine, 15N2 - IS.Norm.Area"
GBTFate1MT36-IS,Smp,B,200605,0.9943910737016116,"Adenine, 15N2 - IS.Norm.Area"
GBTFate1MT36-IS,Smp,C,200605,0.9385777142252062,"Adenine, 15N2 - IS.Norm.Area"
GBTFate1MT4-IS,Smp,A,200605,0.8565062032667836,"Adenine, 15N2 - IS.Norm.Area"
GBTFate1MT4-IS,Smp,B,200605,0.9432083021663235,"Adenine, 15N2 - IS.Norm.Area"
GBTFate1MT4-IS,Smp,C,200605,0.8937537966264042,"Adenine, 15N2 - IS.Norm.Area"
GBTFate1MT50-IS,Smp,A,200605,0.9028286680651307,"Adenine, 15N2 - IS.Norm.Area"
GBTFate1MT50-IS,Smp,B,200605,0.9327554819389557,"Adenine, 15N2 - IS.Norm.Area"
GBTFate1MT50-IS,Smp,C,200605,0.8496403053109871,"Adenine, 15N2 - IS.Norm.Area"
GBTFate1MT8-IS,Smp,A,200605,1.0353278411714344,"Adenine, 15N2 - IS.Norm.Area"
GBTFate1MT8-IS,Smp,B,200605,0.9962685273952988,"Adenine, 15N2 - IS.Norm.Area"
GBTFate1MT8-IS,Smp,C,200605,0.9682247439193278,"Adenine, 15N2 - IS.Norm.Area"
GBTFate1MTlong-IS,Smp,A,200605,1.032217259361086,"Adenine, 15N2 - IS.Norm.Area"
GBTFate1MTlong-IS,Smp,B,200605,1.036041405829307,"Adenine, 15N2 - IS.Norm.Area"
GBTFate1MTlong-IS,Smp,C,200605,0.8813752287391569,"Adenine, 15N2 - IS.Norm.Area"
GBTFate2MT0-IS,Smp,A,200605,0.9022804868280871,"Adenine, 15N2 - IS.Norm.Area"
GBTFate2MT0-IS,Smp,B,200605,0.9027269394321841,"Adenine, 15N2 - IS.Norm.Area"
GBTFate2MT0-IS,Smp,C,200605,0.8731088554519187,"Adenine, 15N2 - IS.Norm.Area"
GBTFate2MT12-IS,Smp,A,200605,0.9269411263110668,"Adenine, 15N2 - IS.Norm.Area"
GBTFate2MT12-IS,Smp,B,200605,0.9635040044290075,"Adenine, 15N2 - IS.Norm.Area"
GBTFate2MT12-IS,Smp,C,200605,0.8705798887757737,"Adenine, 15N2 - IS.Norm.Area"
GBTFate2MT24-IS,Smp,A,200605,1.1164176303226228,"Adenine, 15N2 - IS.Norm.Area"
GBTFate2MT24-IS,Smp,B,200605,1.058963549921934,"Adenine, 15N2 - IS.Norm.Area"
GBTFate2MT24-IS,Smp,C,200605,0.8894906792474548,"Adenine, 15N2 - IS.Norm.Area"
GBTFate2MT48-IS,Smp,A,200605,0.8925879000097879,"Adenine, 15N2 - IS.Norm.Area"
GBTFate2MT48-IS,Smp,B,200605,0.9382377599025772,"Adenine, 15N2 - IS.Norm.Area"
GBTFate2MT48-IS,Smp,C,200605,1.0519382265086585,"Adenine, 15N2 - IS.Norm.Area"
GBTFate2MT5-IS,Smp,A,200605,0.8940548976209899,"Adenine, 15N2 - IS.Norm.Area"
GBTFate2MT5-IS,Smp,B,200605,0.925039446421651,"Adenine, 15N2 - IS.Norm.Area"
GBTFate2MT5-IS,Smp,C,200605,0.9090151608041744,"Adenine, 15N2 - IS.Norm.Area"
GBTFate2MTlong-IS,Smp,A,200605,0.9237995543801634,"Adenine, 15N2 - IS.Norm.Area"
GBTFate2MTlong-IS,Smp,B,200605,0.933365749554443,"Adenine, 15N2 - IS.Norm.Area"
GBTFate2MTlong-IS,Smp,C,200605,0.9772118245854686,"Adenine, 15N2 - IS.Norm.Area"
4uMStdsMix1InH2O,Std,1,200605,91655.07392332674,"Arsenobetaine, 13C2 - IS.Norm.Area"
4uMStdsMix1InH2O,Std,2,200605,85473.39937852557,"Arsenobetaine, 13C2 - IS.Norm.Area"
4uMStdsMix1InMatrix,Std,1,200605,49683.446463458604,"Arsenobetaine, 13C2 - IS.Norm.Area"
4uMStdsMix1InMatrix,Std,2,200605,210519.96967584392,"Arsenobetaine, 13C2 - IS.Norm.Area"
4uMStdsMix2InH2O,Std,1,200605,171.49666492748915,"Arsenobetaine, 13C2 - IS.Norm.Area"
4uMStdsMix2InH2O,Std,2,200605,2023.1155281656972,"Arsenobetaine, 13C2 - IS.Norm.Area"
4uMStdsMix2InMatrix,Std,1,200605,206.9374233297738,"Arsenobetaine, 13C2 - IS.Norm.Area"
4uMStdsMix2InMatrix,Std,2,200605,33253.93702189936,"Arsenobetaine, 13C2 - IS.Norm.Area"
H2OinMatrix,Std,1,200605,93024.23453996984,"Arsenobetaine, 13C2 - IS.Norm.Area"
H2OinMatrix,Std,2,200605,221357.76995333374,"Arsenobetaine, 13C2 - IS.Norm.Area"
TruePooGBT,Poo,Full1,200605,0.9291308598458212,"Arsenobetaine, 13C2 - IS.Norm.Area"
TruePooGBT,Poo,Full2,200605,0.9559234926459766,"Arsenobetaine, 13C2 - IS.Norm.Area"
TruePooGBT,Poo,Full3,200605,0.9068478629159166,"Arsenobetaine, 13C2 - IS.Norm.Area"
TruePooGBT,Poo,Full4,200605,0.8521048889137104,"Arsenobetaine, 13C2 - IS.Norm.Area"
TruePooGBT,Poo,Full5,200605,0.8765671525416885,"Arsenobetaine, 13C2 - IS.Norm.Area"
TruePooGBT,Poo,Full6pos,200605,1.0069562565899322,"Arsenobetaine, 13C2 - IS.Norm.Area"
TruePooGBT,Poo,Half1,200605,1.8772093887325274,"Arsenobetaine, 13C2 - IS.Norm.Area"
TruePooGBT,Poo,Half2,200605,1.930790721877485,"Arsenobetaine, 13C2 - IS.Norm.Area"
TruePooGBT,Poo,Half3,200605,1.7754036414160175,"Arsenobetaine, 13C2 - IS.Norm.Area"
TruePooGBT,Poo,Half4,200605,1.7067928694559444,"Arsenobetaine, 13C2 - IS.Norm.Area"
TruePooGBT,Poo,Half5,200605,1.7005981868501758,"Arsenobetaine, 13C2 - IS.Norm.Area"
TruePooGBT,Poo,Half6pos,200605,1.9915812955733163,"Arsenobetaine, 13C2 - IS.Norm.Area"
QC2,Poo,1,200605,2.3262070666030663,"Arsenobetaine, 13C2 - IS.Norm.Area"
QC2,Poo,2,200605,2.286074053536923,"Arsenobetaine, 13C2 - IS.Norm.Area"
QC2,Poo,3,200605,2.1876482003669824,"Arsenobetaine, 13C2 - IS.Norm.Area"
QC2,Poo,4,200605,2.0321314665073142,"Arsenobetaine, 13C2 - IS.Norm.Area"
QC2,Poo,5,200605,2.086559773591512,"Arsenobetaine, 13C2 - IS.Norm.Area"
GBTFate1MBlk-IS,Blk,A,200605,0.9023568416696102,"Arsenobetaine, 13C2 - IS.Norm.Area"
GBTFate1MBlk-IS,Blk,B,200605,0.9929913220807121,"Arsenobetaine, 13C2 - IS.Norm.Area"
GBTFate1MT0-IS,Smp,A,200605,0.9332655103132163,"Arsenobetaine, 13C2 - IS.Norm.Area"
GBTFate1MT0-IS,Smp,B,200605,0.9334290310819646,"Arsenobetaine, 13C2 - IS.Norm.Area"
GBTFate1MT0-IS,Smp,C,200605,0.9324540033346407,"Arsenobetaine, 13C2 - IS.Norm.Area"
GBTFate1MT12-IS,Smp,A,200605,0.9443765490090817,"Arsenobetaine, 13C2 - IS.Norm.Area"
GBTFate1MT12-IS,Smp,B,200605,0.9604367893776629,"Arsenobetaine, 13C2 - IS.Norm.Area"
GBTFate1MT12-IS,Smp,C,200605,0.8585742296384659,"Arsenobetaine, 13C2 - IS.Norm.Area"
GBTFate1MT36-IS,Smp,A,200605,0.9972735970694481,"Arsenobetaine, 13C2 - IS.Norm.Area"
GBTFate1MT36-IS,Smp,B,200605,0.9878894971323605,"Arsenobetaine, 13C2 - IS.Norm.Area"
GBTFate1MT36-IS,Smp,C,200605,0.9385156184099431,"Arsenobetaine, 13C2 - IS.Norm.Area"
GBTFate1MT4-IS,Smp,A,200605,0.9981235194334304,"Arsenobetaine, 13C2 - IS.Norm.Area"
GBTFate1MT4-IS,Smp,B,200605,0.94995047731887,"Arsenobetaine, 13C2 - IS.Norm.Area"
GBTFate1MT4-IS,Smp,C,200605,0.9544518594883918,"Arsenobetaine, 13C2 - IS.Norm.Area"
GBTFate1MT50-IS,Smp,A,200605,0.9566290118976511,"Arsenobetaine, 13C2 - IS.Norm.Area"
GBTFate1MT50-IS,Smp,B,200605,0.93836913771979,"Arsenobetaine, 13C2 - IS.Norm.Area"
GBTFate1MT50-IS,Smp,C,200605,0.9276727937032057,"Arsenobetaine, 13C2 - IS.Norm.Area"
GBTFate1MT8-IS,Smp,A,200605,0.8999853330016196,"Arsenobetaine, 13C2 - IS.Norm.Area"
GBTFate1MT8-IS,Smp,B,200605,1.0619149573067548,"Arsenobetaine, 13C2 - IS.Norm.Area"
GBTFate1MT8-IS,Smp,C,200605,0.928982196363225,"Arsenobetaine, 13C2 - IS.Norm.Area"
GBTFate1MTlong-IS,Smp,A,200605,0.9903986129768501,"Arsenobetaine, 13C2 - IS.Norm.Area"
GBTFate1MTlong-IS,Smp,B,200605,1.005223394423141,"Arsenobetaine, 13C2 - IS.Norm.Area"
GBTFate1MTlong-IS,Smp,C,200605,0.942870594638661,"Arsenobetaine, 13C2 - IS.Norm.Area"
GBTFate2MT0-IS,Smp,A,200605,0.917788559778814,"Arsenobetaine, 13C2 - IS.Norm.Area"
GBTFate2MT0-IS,Smp,B,200605,1.0110290070666712,"Arsenobetaine, 13C2 - IS.Norm.Area"
GBTFate2MT0-IS,Smp,C,200605,0.879019466214723,"Arsenobetaine, 13C2 - IS.Norm.Area"
GBTFate2MT12-IS,Smp,A,200605,0.8928211687391345,"Arsenobetaine, 13C2 - IS.Norm.Area"
GBTFate2MT12-IS,Smp,B,200605,0.9293413948738107,"Arsenobetaine, 13C2 - IS.Norm.Area"
GBTFate2MT12-IS,Smp,C,200605,1.0506641604171048,"Arsenobetaine, 13C2 - IS.Norm.Area"
GBTFate2MT24-IS,Smp,A,200605,1.0393639692669132,"Arsenobetaine, 13C2 - IS.Norm.Area"
GBTFate2MT24-IS,Smp,B,200605,0.9630953261642311,"Arsenobetaine, 13C2 - IS.Norm.Area"
GBTFate2MT24-IS,Smp,C,200605,0.9090633666914005,"Arsenobetaine, 13C2 - IS.Norm.Area"
GBTFate2MT48-IS,Smp,A,200605,0.8982259214324722,"Arsenobetaine, 13C2 - IS.Norm.Area"
GBTFate2MT48-IS,Smp,B,200605,0.9174151675054613,"Arsenobetaine, 13C2 - IS.Norm.Area"
GBTFate2MT48-IS,Smp,C,200605,1.0155873390388308,"Arsenobetaine, 13C2 - IS.Norm.Area"
GBTFate2MT5-IS,Smp,A,200605,1.0105497935749639,"Arsenobetaine, 13C2 - IS.Norm.Area"
GBTFate2MT5-IS,Smp,B,200605,0.9215413745315935,"Arsenobetaine, 13C2 - IS.Norm.Area"
GBTFate2MT5-IS,Smp,C,200605,0.9021412405742121,"Arsenobetaine, 13C2 - IS.Norm.Area"
GBTFate2MTlong-IS,Smp,A,200605,0.9123968653474208,"Arsenobetaine, 13C2 - IS.Norm.Area"
GBTFate2MTlong-IS,Smp,B,200605,0.8890963348627647,"Arsenobetaine, 13C2 - IS.Norm.Area"
GBTFate2MTlong-IS,Smp,C,200605,0.9304388622670915,"Arsenobetaine, 13C2 - IS.Norm.Area"
4uMStdsMix1InH2O,Std,1,200605,57627.02701666986,"Cytosine, 13C2-15N3 - IS.Norm.Area"
4uMStdsMix1InH2O,Std,2,200605,NA,"Cytosine, 13C2-15N3 - IS.Norm.Area"
4uMStdsMix1InMatrix,Std,1,200605,NA,"Cytosine, 13C2-15N3 - IS.Norm.Area"
4uMStdsMix1InMatrix,Std,2,200605,NA,"Cytosine, 13C2-15N3 - IS.Norm.Area"
4uMStdsMix2InH2O,Std,1,200605,NA,"Cytosine, 13C2-15N3 - IS.Norm.Area"
4uMStdsMix2InH2O,Std,2,200605,NA,"Cytosine, 13C2-15N3 - IS.Norm.Area"
4uMStdsMix2InMatrix,Std,1,200605,NA,"Cytosine, 13C2-15N3 - IS.Norm.Area"
4uMStdsMix2InMatrix,Std,2,200605,NA,"Cytosine, 13C2-15N3 - IS.Norm.Area"
H2OinMatrix,Std,1,200605,NA,"Cytosine, 13C2-15N3 - IS.Norm.Area"
H2OinMatrix,Std,2,200605,NA,"Cytosine, 13C2-15N3 - IS.Norm.Area"
TruePooGBT,Poo,Full1,200605,0.7905233504193209,"Cytosine, 13C2-15N3 - IS.Norm.Area"
TruePooGBT,Poo,Full2,200605,0.8148117175445595,"Cytosine, 13C2-15N3 - IS.Norm.Area"
TruePooGBT,Poo,Full3,200605,1.0531025080320882,"Cytosine, 13C2-15N3 - IS.Norm.Area"
TruePooGBT,Poo,Full4,200605,0.9547637488438917,"Cytosine, 13C2-15N3 - IS.Norm.Area"
TruePooGBT,Poo,Full5,200605,0.8205162325150366,"Cytosine, 13C2-15N3 - IS.Norm.Area"
TruePooGBT,Poo,Full6pos,200605,1.1642514179402506,"Cytosine, 13C2-15N3 - IS.Norm.Area"
TruePooGBT,Poo,Half1,200605,1.790450359245638,"Cytosine, 13C2-15N3 - IS.Norm.Area"
TruePooGBT,Poo,Half2,200605,1.6431070937877772,"Cytosine, 13C2-15N3 - IS.Norm.Area"
TruePooGBT,Poo,Half3,200605,1.9743225091568501,"Cytosine, 13C2-15N3 - IS.Norm.Area"
TruePooGBT,Poo,Half4,200605,1.6293076646237508,"Cytosine, 13C2-15N3 - IS.Norm.Area"
TruePooGBT,Poo,Half5,200605,1.3867228224638377,"Cytosine, 13C2-15N3 - IS.Norm.Area"
TruePooGBT,Poo,Half6pos,200605,1.7849789224964634,"Cytosine, 13C2-15N3 - IS.Norm.Area"
QC2,Poo,1,200605,1.2616510850933846,"Cytosine, 13C2-15N3 - IS.Norm.Area"
QC2,Poo,2,200605,1.3838662383767928,"Cytosine, 13C2-15N3 - IS.Norm.Area"
QC2,Poo,3,200605,1.9209531827414537,"Cytosine, 13C2-15N3 - IS.Norm.Area"
QC2,Poo,4,200605,1.8107599055861923,"Cytosine, 13C2-15N3 - IS.Norm.Area"
QC2,Poo,5,200605,1.7130131465892697,"Cytosine, 13C2-15N3 - IS.Norm.Area"
GBTFate1MBlk-IS,Blk,A,200605,1.082874442130247,"Cytosine, 13C2-15N3 - IS.Norm.Area"
GBTFate1MBlk-IS,Blk,B,200605,0.9458408211084135,"Cytosine, 13C2-15N3 - IS.Norm.Area"
GBTFate1MT0-IS,Smp,A,200605,1.2017577527160084,"Cytosine, 13C2-15N3 - IS.Norm.Area"
GBTFate1MT0-IS,Smp,B,200605,1.0897592384616221,"Cytosine, 13C2-15N3 - IS.Norm.Area"
GBTFate1MT0-IS,Smp,C,200605,1.020620203853563,"Cytosine, 13C2-15N3 - IS.Norm.Area"
GBTFate1MT12-IS,Smp,A,200605,0.968099452050518,"Cytosine, 13C2-15N3 - IS.Norm.Area"
GBTFate1MT12-IS,Smp,B,200605,0.8477636122406152,"Cytosine, 13C2-15N3 - IS.Norm.Area"
GBTFate1MT12-IS,Smp,C,200605,1.1252491553893949,"Cytosine, 13C2-15N3 - IS.Norm.Area"
GBTFate1MT36-IS,Smp,A,200605,0.7664840914989441,"Cytosine, 13C2-15N3 - IS.Norm.Area"
GBTFate1MT36-IS,Smp,B,200605,0.8685534126490365,"Cytosine, 13C2-15N3 - IS.Norm.Area"
GBTFate1MT36-IS,Smp,C,200605,1.1136875723059885,"Cytosine, 13C2-15N3 - IS.Norm.Area"
GBTFate1MT4-IS,Smp,A,200605,0.8410321093105475,"Cytosine, 13C2-15N3 - IS.Norm.Area"
GBTFate1MT4-IS,Smp,B,200605,0.7990958000651289,"Cytosine, 13C2-15N3 - IS.Norm.Area"
GBTFate1MT4-IS,Smp,C,200605,1.0561675978877827,"Cytosine, 13C2-15N3 - IS.Norm.Area"
GBTFate1MT50-IS,Smp,A,200605,1.0229624528874386,"Cytosine, 13C2-15N3 - IS.Norm.Area"
GBTFate1MT50-IS,Smp,B,200605,1.0611069053870428,"Cytosine, 13C2-15N3 - IS.Norm.Area"
GBTFate1MT50-IS,Smp,C,200605,0.9488864674023483,"Cytosine, 13C2-15N3 - IS.Norm.Area"
GBTFate1MT8-IS,Smp,A,200605,1.0277868167965567,"Cytosine, 13C2-15N3 - IS.Norm.Area"
GBTFate1MT8-IS,Smp,B,200605,0.8099368116936636,"Cytosine, 13C2-15N3 - IS.Norm.Area"
GBTFate1MT8-IS,Smp,C,200605,1.0736514744122572,"Cytosine, 13C2-15N3 - IS.Norm.Area"
GBTFate1MTlong-IS,Smp,A,200605,0.8060112305714572,"Cytosine, 13C2-15N3 - IS.Norm.Area"
GBTFate1MTlong-IS,Smp,B,200605,0.7397326478502841,"Cytosine, 13C2-15N3 - IS.Norm.Area"
GBTFate1MTlong-IS,Smp,C,200605,0.8876496238261747,"Cytosine, 13C2-15N3 - IS.Norm.Area"
GBTFate2MT0-IS,Smp,A,200605,1.061524740580529,"Cytosine, 13C2-15N3 - IS.Norm.Area"
GBTFate2MT0-IS,Smp,B,200605,0.8371395254893632,"Cytosine, 13C2-15N3 - IS.Norm.Area"
GBTFate2MT0-IS,Smp,C,200605,1.0848565188114785,"Cytosine, 13C2-15N3 - IS.Norm.Area"
GBTFate2MT12-IS,Smp,A,200605,1.1879412409059333,"Cytosine, 13C2-15N3 - IS.Norm.Area"
GBTFate2MT12-IS,Smp,B,200605,1.0619082294894777,"Cytosine, 13C2-15N3 - IS.Norm.Area"
GBTFate2MT12-IS,Smp,C,200605,0.8288908090450452,"Cytosine, 13C2-15N3 - IS.Norm.Area"
GBTFate2MT24-IS,Smp,A,200605,0.807045058868596,"Cytosine, 13C2-15N3 - IS.Norm.Area"
GBTFate2MT24-IS,Smp,B,200605,1.143442167283753,"Cytosine, 13C2-15N3 - IS.Norm.Area"
GBTFate2MT24-IS,Smp,C,200605,0.9813671745569086,"Cytosine, 13C2-15N3 - IS.Norm.Area"
GBTFate2MT48-IS,Smp,A,200605,0.9146137686051875,"Cytosine, 13C2-15N3 - IS.Norm.Area"
GBTFate2MT48-IS,Smp,B,200605,1.0516800188345743,"Cytosine, 13C2-15N3 - IS.Norm.Area"
GBTFate2MT48-IS,Smp,C,200605,0.7932474881479238,"Cytosine, 13C2-15N3 - IS.Norm.Area"
GBTFate2MT5-IS,Smp,A,200605,0.7950571536197991,"Cytosine, 13C2-15N3 - IS.Norm.Area"
GBTFate2MT5-IS,Smp,B,200605,0.924760969126591,"Cytosine, 13C2-15N3 - IS.Norm.Area"
GBTFate2MT5-IS,Smp,C,200605,1.1106317380334785,"Cytosine, 13C2-15N3 - IS.Norm.Area"
GBTFate2MTlong-IS,Smp,A,200605,1.0426262268995021,"Cytosine, 13C2-15N3 - IS.Norm.Area"
GBTFate2MTlong-IS,Smp,B,200605,1.0537887494659615,"Cytosine, 13C2-15N3 - IS.Norm.Area"
GBTFate2MTlong-IS,Smp,C,200605,1.2089955111805635,"Cytosine, 13C2-15N3 - IS.Norm.Area"
4uMStdsMix1InH2O,Std,1,200605,NA,"DL-Alanine, D3 - IS.Norm.Area"
4uMStdsMix1InH2O,Std,2,200605,8230.826123898103,"DL-Alanine, D3 - IS.Norm.Area"
4uMStdsMix1InMatrix,Std,1,200605,NA,"DL-Alanine, D3 - IS.Norm.Area"
4uMStdsMix1InMatrix,Std,2,200605,NA,"DL-Alanine, D3 - IS.Norm.Area"
4uMStdsMix2InH2O,Std,1,200605,7417.692441272185,"DL-Alanine, D3 - IS.Norm.Area"
4uMStdsMix2InH2O,Std,2,200605,NA,"DL-Alanine, D3 - IS.Norm.Area"
4uMStdsMix2InMatrix,Std,1,200605,2207.756529843153,"DL-Alanine, D3 - IS.Norm.Area"
4uMStdsMix2InMatrix,Std,2,200605,NA,"DL-Alanine, D3 - IS.Norm.Area"
H2OinMatrix,Std,1,200605,NA,"DL-Alanine, D3 - IS.Norm.Area"
H2OinMatrix,Std,2,200605,NA,"DL-Alanine, D3 - IS.Norm.Area"
TruePooGBT,Poo,Full1,200605,0.942027354981914,"DL-Alanine, D3 - IS.Norm.Area"
TruePooGBT,Poo,Full2,200605,0.9515492747783661,"DL-Alanine, D3 - IS.Norm.Area"
TruePooGBT,Poo,Full3,200605,0.9390766201728529,"DL-Alanine, D3 - IS.Norm.Area"
TruePooGBT,Poo,Full4,200605,0.8314440616569642,"DL-Alanine, D3 - IS.Norm.Area"
TruePooGBT,Poo,Full5,200605,0.7923678432893936,"DL-Alanine, D3 - IS.Norm.Area"
TruePooGBT,Poo,Full6pos,200605,1.4894022044927104,"DL-Alanine, D3 - IS.Norm.Area"
TruePooGBT,Poo,Half1,200605,2.050307944253583,"DL-Alanine, D3 - IS.Norm.Area"
TruePooGBT,Poo,Half2,200605,2.0221966893039083,"DL-Alanine, D3 - IS.Norm.Area"
TruePooGBT,Poo,Half3,200605,1.775362330033973,"DL-Alanine, D3 - IS.Norm.Area"
TruePooGBT,Poo,Half4,200605,1.6170455584537362,"DL-Alanine, D3 - IS.Norm.Area"
TruePooGBT,Poo,Half5,200605,1.615083470367024,"DL-Alanine, D3 - IS.Norm.Area"
TruePooGBT,Poo,Half6pos,200605,2.2390959729599142,"DL-Alanine, D3 - IS.Norm.Area"
QC2,Poo,1,200605,2.247535767078913,"DL-Alanine, D3 - IS.Norm.Area"
QC2,Poo,2,200605,2.3210639204137835,"DL-Alanine, D3 - IS.Norm.Area"
QC2,Poo,3,200605,2.5570102732102895,"DL-Alanine, D3 - IS.Norm.Area"
QC2,Poo,4,200605,2.271560603079805,"DL-Alanine, D3 - IS.Norm.Area"
QC2,Poo,5,200605,1.8458035680631404,"DL-Alanine, D3 - IS.Norm.Area"
GBTFate1MBlk-IS,Blk,A,200605,0.9812296501330032,"DL-Alanine, D3 - IS.Norm.Area"
GBTFate1MBlk-IS,Blk,B,200605,0.8485794819498118,"DL-Alanine, D3 - IS.Norm.Area"
GBTFate1MT0-IS,Smp,A,200605,0.8688077609227314,"DL-Alanine, D3 - IS.Norm.Area"
GBTFate1MT0-IS,Smp,B,200605,0.9674246099581355,"DL-Alanine, D3 - IS.Norm.Area"
GBTFate1MT0-IS,Smp,C,200605,0.9112377813777492,"DL-Alanine, D3 - IS.Norm.Area"
GBTFate1MT12-IS,Smp,A,200605,0.8667161009992492,"DL-Alanine, D3 - IS.Norm.Area"
GBTFate1MT12-IS,Smp,B,200605,0.9659662350229703,"DL-Alanine, D3 - IS.Norm.Area"
GBTFate1MT12-IS,Smp,C,200605,0.8257115997478932,"DL-Alanine, D3 - IS.Norm.Area"
GBTFate1MT36-IS,Smp,A,200605,1.007786384022294,"DL-Alanine, D3 - IS.Norm.Area"
GBTFate1MT36-IS,Smp,B,200605,1.0036773258181495,"DL-Alanine, D3 - IS.Norm.Area"
GBTFate1MT36-IS,Smp,C,200605,0.8911349848065396,"DL-Alanine, D3 - IS.Norm.Area"
GBTFate1MT4-IS,Smp,A,200605,1.152981859007141,"DL-Alanine, D3 - IS.Norm.Area"
GBTFate1MT4-IS,Smp,B,200605,0.9600837677661695,"DL-Alanine, D3 - IS.Norm.Area"
GBTFate1MT4-IS,Smp,C,200605,1.011091873283013,"DL-Alanine, D3 - IS.Norm.Area"
GBTFate1MT50-IS,Smp,A,200605,0.928281063548488,"DL-Alanine, D3 - IS.Norm.Area"
GBTFate1MT50-IS,Smp,B,200605,0.917007870879357,"DL-Alanine, D3 - IS.Norm.Area"
GBTFate1MT50-IS,Smp,C,200605,0.8742166897999978,"DL-Alanine, D3 - IS.Norm.Area"
GBTFate1MT8-IS,Smp,A,200605,0.8573321125862464,"DL-Alanine, D3 - IS.Norm.Area"
GBTFate1MT8-IS,Smp,B,200605,1.018514307573487,"DL-Alanine, D3 - IS.Norm.Area"
GBTFate1MT8-IS,Smp,C,200605,1.1021879993070312,"DL-Alanine, D3 - IS.Norm.Area"
GBTFate1MTlong-IS,Smp,A,200605,0.9093177377697539,"DL-Alanine, D3 - IS.Norm.Area"
GBTFate1MTlong-IS,Smp,B,200605,1.0000855229602832,"DL-Alanine, D3 - IS.Norm.Area"
GBTFate1MTlong-IS,Smp,C,200605,1.1140434683888105,"DL-Alanine, D3 - IS.Norm.Area"
GBTFate2MT0-IS,Smp,A,200605,0.9317324718529932,"DL-Alanine, D3 - IS.Norm.Area"
GBTFate2MT0-IS,Smp,B,200605,1.0284991137418809,"DL-Alanine, D3 - IS.Norm.Area"
GBTFate2MT0-IS,Smp,C,200605,0.9432632558645867,"DL-Alanine, D3 - IS.Norm.Area"
GBTFate2MT12-IS,Smp,A,200605,1.0099763848371828,"DL-Alanine, D3 - IS.Norm.Area"
GBTFate2MT12-IS,Smp,B,200605,0.8441664366686135,"DL-Alanine, D3 - IS.Norm.Area"
GBTFate2MT12-IS,Smp,C,200605,1.0672242009141726,"DL-Alanine, D3 - IS.Norm.Area"
GBTFate2MT24-IS,Smp,A,200605,1.0061062337817837,"DL-Alanine, D3 - IS.Norm.Area"
GBTFate2MT24-IS,Smp,B,200605,0.9432741858027592,"DL-Alanine, D3 - IS.Norm.Area"
GBTFate2MT24-IS,Smp,C,200605,0.8490310330018298,"DL-Alanine, D3 - IS.Norm.Area"
GBTFate2MT48-IS,Smp,A,200605,0.8310831326659547,"DL-Alanine, D3 - IS.Norm.Area"
GBTFate2MT48-IS,Smp,B,200605,0.8191363906077069,"DL-Alanine, D3 - IS.Norm.Area"
GBTFate2MT48-IS,Smp,C,200605,0.9638431395859544,"DL-Alanine, D3 - IS.Norm.Area"
GBTFate2MT5-IS,Smp,A,200605,1.015605856722671,"DL-Alanine, D3 - IS.Norm.Area"
GBTFate2MT5-IS,Smp,B,200605,0.8664105597290029,"DL-Alanine, D3 - IS.Norm.Area"
GBTFate2MT5-IS,Smp,C,200605,0.9036134238383828,"DL-Alanine, D3 - IS.Norm.Area"
GBTFate2MTlong-IS,Smp,A,200605,1.127469077186881,"DL-Alanine, D3 - IS.Norm.Area"
GBTFate2MTlong-IS,Smp,B,200605,0.84103569838368,"DL-Alanine, D3 - IS.Norm.Area"
GBTFate2MTlong-IS,Smp,C,200605,0.8553083911622378,"DL-Alanine, D3 - IS.Norm.Area"
4uMStdsMix1InH2O,Std,1,200605,38.60081844431315,"DL-Histidine, 15N - IS.Norm.Area"
4uMStdsMix1InH2O,Std,2,200605,19.55689999260113,"DL-Histidine, 15N - IS.Norm.Area"
4uMStdsMix1InMatrix,Std,1,200605,52.42859631720929,"DL-Histidine, 15N - IS.Norm.Area"
4uMStdsMix1InMatrix,Std,2,200605,18.284766707120802,"DL-Histidine, 15N - IS.Norm.Area"
4uMStdsMix2InH2O,Std,1,200605,423.3518360909523,"DL-Histidine, 15N - IS.Norm.Area"
4uMStdsMix2InH2O,Std,2,200605,NA,"DL-Histidine, 15N - IS.Norm.Area"
4uMStdsMix2InMatrix,Std,1,200605,18838.440374683436,"DL-Histidine, 15N - IS.Norm.Area"
4uMStdsMix2InMatrix,Std,2,200605,5196.103731224911,"DL-Histidine, 15N - IS.Norm.Area"
H2OinMatrix,Std,1,200605,1959.6664388825234,"DL-Histidine, 15N - IS.Norm.Area"
H2OinMatrix,Std,2,200605,9806.387194455,"DL-Histidine, 15N - IS.Norm.Area"
TruePooGBT,Poo,Full1,200605,0.9254868751602597,"DL-Histidine, 15N - IS.Norm.Area"
TruePooGBT,Poo,Full2,200605,1.1511512591184563,"DL-Histidine, 15N - IS.Norm.Area"
TruePooGBT,Poo,Full3,200605,0.988309580298338,"DL-Histidine, 15N - IS.Norm.Area"
TruePooGBT,Poo,Full4,200605,0.7958202779909819,"DL-Histidine, 15N - IS.Norm.Area"
TruePooGBT,Poo,Full5,200605,0.57625084701107665,"DL-Histidine, 15N - IS.Norm.Area"
TruePooGBT,Poo,Full6pos,200605,1.293042192981473,"DL-Histidine, 15N - IS.Norm.Area"
TruePooGBT,Poo,Half1,200605,2.145194278432455,"DL-Histidine, 15N - IS.Norm.Area"
TruePooGBT,Poo,Half2,200605,2.543333981668176,"DL-Histidine, 15N - IS.Norm.Area"
TruePooGBT,Poo,Half3,200605,1.9211470129486452,"DL-Histidine, 15N - IS.Norm.Area"
TruePooGBT,Poo,Half4,200605,1.685381735363017,"DL-Histidine, 15N - IS.Norm.Area"
TruePooGBT,Poo,Half5,200605,1.4303667812474374,"DL-Histidine, 15N - IS.Norm.Area"
TruePooGBT,Poo,Half6pos,200605,2.2667712520570253,"DL-Histidine, 15N - IS.Norm.Area"
QC2,Poo,1,200605,2.69625263308621,"DL-Histidine, 15N - IS.Norm.Area"
QC2,Poo,2,200605,3.340450653743711,"DL-Histidine, 15N - IS.Norm.Area"
QC2,Poo,3,200605,3.047132776360201,"DL-Histidine, 15N - IS.Norm.Area"
QC2,Poo,4,200605,2.6226699973745253,"DL-Histidine, 15N - IS.Norm.Area"
QC2,Poo,5,200605,1.9290071763831604,"DL-Histidine, 15N - IS.Norm.Area"
GBTFate1MBlk-IS,Blk,A,200605,1.2127210577421996,"DL-Histidine, 15N - IS.Norm.Area"
GBTFate1MBlk-IS,Blk,B,200605,1.0406691349115305,"DL-Histidine, 15N - IS.Norm.Area"
GBTFate1MT0-IS,Smp,A,200605,0.9601255220901588,"DL-Histidine, 15N - IS.Norm.Area"
GBTFate1MT0-IS,Smp,B,200605,1.0742169565840147,"DL-Histidine, 15N - IS.Norm.Area"
GBTFate1MT0-IS,Smp,C,200605,0.8410692316480163,"DL-Histidine, 15N - IS.Norm.Area"
GBTFate1MT12-IS,Smp,A,200605,0.7734754654488165,"DL-Histidine, 15N - IS.Norm.Area"
GBTFate1MT12-IS,Smp,B,200605,1.0602291842317502,"DL-Histidine, 15N - IS.Norm.Area"
GBTFate1MT12-IS,Smp,C,200605,0.735416552928101,"DL-Histidine, 15N - IS.Norm.Area"
GBTFate1MT36-IS,Smp,A,200605,1.0675098229827635,"DL-Histidine, 15N - IS.Norm.Area"
GBTFate1MT36-IS,Smp,B,200605,1.2076905754446496,"DL-Histidine, 15N - IS.Norm.Area"
GBTFate1MT36-IS,Smp,C,200605,0.8180667978241187,"DL-Histidine, 15N - IS.Norm.Area"
GBTFate1MT4-IS,Smp,A,200605,1.4691321454635593,"DL-Histidine, 15N - IS.Norm.Area"
GBTFate1MT4-IS,Smp,B,200605,1.00766679246143,"DL-Histidine, 15N - IS.Norm.Area"
GBTFate1MT4-IS,Smp,C,200605,1.0947981361572492,"DL-Histidine, 15N - IS.Norm.Area"
GBTFate1MT50-IS,Smp,A,200605,0.8919611278130685,"DL-Histidine, 15N - IS.Norm.Area"
GBTFate1MT50-IS,Smp,B,200605,0.9882982338727417,"DL-Histidine, 15N - IS.Norm.Area"
GBTFate1MT50-IS,Smp,C,200605,0.8227716040792665,"DL-Histidine, 15N - IS.Norm.Area"
GBTFate1MT8-IS,Smp,A,200605,0.8578691332694958,"DL-Histidine, 15N - IS.Norm.Area"
GBTFate1MT8-IS,Smp,B,200605,0.7581813625117624,"DL-Histidine, 15N - IS.Norm.Area"
GBTFate1MT8-IS,Smp,C,200605,1.0935751752445975,"DL-Histidine, 15N - IS.Norm.Area"
GBTFate1MTlong-IS,Smp,A,200605,0.9725258097748322,"DL-Histidine, 15N - IS.Norm.Area"
GBTFate1MTlong-IS,Smp,B,200605,1.1054977803136268,"DL-Histidine, 15N - IS.Norm.Area"
GBTFate1MTlong-IS,Smp,C,200605,0.6985816431420151,"DL-Histidine, 15N - IS.Norm.Area"
GBTFate2MT0-IS,Smp,A,200605,1.0246266704147868,"DL-Histidine, 15N - IS.Norm.Area"
GBTFate2MT0-IS,Smp,B,200605,1.1907898422148995,"DL-Histidine, 15N - IS.Norm.Area"
GBTFate2MT0-IS,Smp,C,200605,1.1315930303535549,"DL-Histidine, 15N - IS.Norm.Area"
GBTFate2MT12-IS,Smp,A,200605,1.215919765201556,"DL-Histidine, 15N - IS.Norm.Area"
GBTFate2MT12-IS,Smp,B,200605,0.9164077387074576,"DL-Histidine, 15N - IS.Norm.Area"
GBTFate2MT12-IS,Smp,C,200605,0.996090938380623,"DL-Histidine, 15N - IS.Norm.Area"
GBTFate2MT24-IS,Smp,A,200605,0.9153924683940985,"DL-Histidine, 15N - IS.Norm.Area"
GBTFate2MT24-IS,Smp,B,200605,1.0948544069194739,"DL-Histidine, 15N - IS.Norm.Area"
GBTFate2MT24-IS,Smp,C,200605,0.8243407995398805,"DL-Histidine, 15N - IS.Norm.Area"
GBTFate2MT48-IS,Smp,A,200605,0.5825992086186433,"DL-Histidine, 15N - IS.Norm.Area"
GBTFate2MT48-IS,Smp,B,200605,0.839043965583333,"DL-Histidine, 15N - IS.Norm.Area"
GBTFate2MT48-IS,Smp,C,200605,0.8441704172901056,"DL-Histidine, 15N - IS.Norm.Area"
GBTFate2MT5-IS,Smp,A,200605,1.2630632141412375,"DL-Histidine, 15N - IS.Norm.Area"
GBTFate2MT5-IS,Smp,B,200605,0.9271141288601096,"DL-Histidine, 15N - IS.Norm.Area"
GBTFate2MT5-IS,Smp,C,200605,1.1079977593709585,"DL-Histidine, 15N - IS.Norm.Area"
GBTFate2MTlong-IS,Smp,A,200605,1.2731463805207313,"DL-Histidine, 15N - IS.Norm.Area"
GBTFate2MTlong-IS,Smp,B,200605,0.8415165202144966,"DL-Histidine, 15N - IS.Norm.Area"
GBTFate2MTlong-IS,Smp,C,200605,0.9595526761627209,"DL-Histidine, 15N - IS.Norm.Area"
4uMStdsMix1InH2O,Std,1,200605,2958.7479237815583,"DL-Proline, D7 - IS.Norm.Area"
4uMStdsMix1InH2O,Std,2,200605,NA,"DL-Proline, D7 - IS.Norm.Area"
4uMStdsMix1InMatrix,Std,1,200605,1176.6804245672201,"DL-Proline, D7 - IS.Norm.Area"
4uMStdsMix1InMatrix,Std,2,200605,NA,"DL-Proline, D7 - IS.Norm.Area"
4uMStdsMix2InH2O,Std,1,200605,2035.0708802125066,"DL-Proline, D7 - IS.Norm.Area"
4uMStdsMix2InH2O,Std,2,200605,4685.489279540653,"DL-Proline, D7 - IS.Norm.Area"
4uMStdsMix2InMatrix,Std,1,200605,1508.930329163045,"DL-Proline, D7 - IS.Norm.Area"
4uMStdsMix2InMatrix,Std,2,200605,NA,"DL-Proline, D7 - IS.Norm.Area"
H2OinMatrix,Std,1,200605,1598.3153335666711,"DL-Proline, D7 - IS.Norm.Area"
H2OinMatrix,Std,2,200605,16071.242038106135,"DL-Proline, D7 - IS.Norm.Area"
TruePooGBT,Poo,Full1,200605,1.2198065424752995,"DL-Proline, D7 - IS.Norm.Area"
TruePooGBT,Poo,Full2,200605,1.2906191897060781,"DL-Proline, D7 - IS.Norm.Area"
TruePooGBT,Poo,Full3,200605,1.0706818578588744,"DL-Proline, D7 - IS.Norm.Area"
TruePooGBT,Poo,Full4,200605,0.7944812722828009,"DL-Proline, D7 - IS.Norm.Area"
TruePooGBT,Poo,Full5,200605,0.5948311652188853,"DL-Proline, D7 - IS.Norm.Area"
TruePooGBT,Poo,Full6pos,200605,0.9286526228854631,"DL-Proline, D7 - IS.Norm.Area"
TruePooGBT,Poo,Half1,200605,1.58791534214388,"DL-Proline, D7 - IS.Norm.Area"
TruePooGBT,Poo,Half2,200605,1.3130474044847482,"DL-Proline, D7 - IS.Norm.Area"
TruePooGBT,Poo,Half3,200605,1.1534403756366718,"DL-Proline, D7 - IS.Norm.Area"
TruePooGBT,Poo,Half4,200605,1.1206043590906796,"DL-Proline, D7 - IS.Norm.Area"
TruePooGBT,Poo,Half5,200605,1.0058630739008942,"DL-Proline, D7 - IS.Norm.Area"
TruePooGBT,Poo,Half6pos,200605,1.4656657326450409,"DL-Proline, D7 - IS.Norm.Area"
QC2,Poo,1,200605,3.1786038272200683,"DL-Proline, D7 - IS.Norm.Area"
QC2,Poo,2,200605,3.6312539966333732,"DL-Proline, D7 - IS.Norm.Area"
QC2,Poo,3,200605,4.533490738620541,"DL-Proline, D7 - IS.Norm.Area"
QC2,Poo,4,200605,4.702020286762958,"DL-Proline, D7 - IS.Norm.Area"
QC2,Poo,5,200605,4.968816870270499,"DL-Proline, D7 - IS.Norm.Area"
GBTFate1MBlk-IS,Blk,A,200605,0.8500255030030559,"DL-Proline, D7 - IS.Norm.Area"
GBTFate1MBlk-IS,Blk,B,200605,1.1515982362674673,"DL-Proline, D7 - IS.Norm.Area"
GBTFate1MT0-IS,Smp,A,200605,1.0021263680811328,"DL-Proline, D7 - IS.Norm.Area"
GBTFate1MT0-IS,Smp,B,200605,1.5766832960502313,"DL-Proline, D7 - IS.Norm.Area"
GBTFate1MT0-IS,Smp,C,200605,1.0892708028262879,"DL-Proline, D7 - IS.Norm.Area"
GBTFate1MT12-IS,Smp,A,200605,0.7646694753857656,"DL-Proline, D7 - IS.Norm.Area"
GBTFate1MT12-IS,Smp,B,200605,1.1866675654736558,"DL-Proline, D7 - IS.Norm.Area"
GBTFate1MT12-IS,Smp,C,200605,0.7408573989610244,"DL-Proline, D7 - IS.Norm.Area"
GBTFate1MT36-IS,Smp,A,200605,1.2800218455809824,"DL-Proline, D7 - IS.Norm.Area"
GBTFate1MT36-IS,Smp,B,200605,1.4508068430563898,"DL-Proline, D7 - IS.Norm.Area"
GBTFate1MT36-IS,Smp,C,200605,1.2041961320859917,"DL-Proline, D7 - IS.Norm.Area"
GBTFate1MT4-IS,Smp,A,200605,1.4564452618814034,"DL-Proline, D7 - IS.Norm.Area"
GBTFate1MT4-IS,Smp,B,200605,1.1860281960607857,"DL-Proline, D7 - IS.Norm.Area"
GBTFate1MT4-IS,Smp,C,200605,1.455984359217699,"DL-Proline, D7 - IS.Norm.Area"
GBTFate1MT50-IS,Smp,A,200605,0.9979583976673702,"DL-Proline, D7 - IS.Norm.Area"
GBTFate1MT50-IS,Smp,B,200605,1.242717185475284,"DL-Proline, D7 - IS.Norm.Area"
GBTFate1MT50-IS,Smp,C,200605,0.673792022263275,"DL-Proline, D7 - IS.Norm.Area"
GBTFate1MT8-IS,Smp,A,200605,0.7011017347514181,"DL-Proline, D7 - IS.Norm.Area"
GBTFate1MT8-IS,Smp,B,200605,1.286856585805523,"DL-Proline, D7 - IS.Norm.Area"
GBTFate1MT8-IS,Smp,C,200605,1.5033494076088039,"DL-Proline, D7 - IS.Norm.Area"
GBTFate1MTlong-IS,Smp,A,200605,1.1685723851061045,"DL-Proline, D7 - IS.Norm.Area"
GBTFate1MTlong-IS,Smp,B,200605,1.3806627902405388,"DL-Proline, D7 - IS.Norm.Area"
GBTFate1MTlong-IS,Smp,C,200605,1.1216034092986251,"DL-Proline, D7 - IS.Norm.Area"
GBTFate2MT0-IS,Smp,A,200605,1.5663555646633833,"DL-Proline, D7 - IS.Norm.Area"
GBTFate2MT0-IS,Smp,B,200605,1.4120354251854668,"DL-Proline, D7 - IS.Norm.Area"
GBTFate2MT0-IS,Smp,C,200605,1.3193992063746809,"DL-Proline, D7 - IS.Norm.Area"
GBTFate2MT12-IS,Smp,A,200605,0.7765469645005039,"DL-Proline, D7 - IS.Norm.Area"
GBTFate2MT12-IS,Smp,B,200605,0.9835486672242865,"DL-Proline, D7 - IS.Norm.Area"
GBTFate2MT12-IS,Smp,C,200605,1.231036551005403,"DL-Proline, D7 - IS.Norm.Area"
GBTFate2MT24-IS,Smp,A,200605,1.2574493640657878,"DL-Proline, D7 - IS.Norm.Area"
GBTFate2MT24-IS,Smp,B,200605,0.8716972806439209,"DL-Proline, D7 - IS.Norm.Area"
GBTFate2MT24-IS,Smp,C,200605,0.6111639453197507,"DL-Proline, D7 - IS.Norm.Area"
GBTFate2MT48-IS,Smp,A,200605,0.5570851644323292,"DL-Proline, D7 - IS.Norm.Area"
GBTFate2MT48-IS,Smp,B,200605,0.6562887418758928,"DL-Proline, D7 - IS.Norm.Area"
GBTFate2MT48-IS,Smp,C,200605,1.223446043699078,"DL-Proline, D7 - IS.Norm.Area"
GBTFate2MT5-IS,Smp,A,200605,1.393171636938558,"DL-Proline, D7 - IS.Norm.Area"
GBTFate2MT5-IS,Smp,B,200605,0.5838685817634521,"DL-Proline, D7 - IS.Norm.Area"
GBTFate2MT5-IS,Smp,C,200605,0.7515386185480796,"DL-Proline, D7 - IS.Norm.Area"
GBTFate2MTlong-IS,Smp,A,200605,0.8206094963056603,"DL-Proline, D7 - IS.Norm.Area"
GBTFate2MTlong-IS,Smp,B,200605,0.6590568947887773,"DL-Proline, D7 - IS.Norm.Area"
GBTFate2MTlong-IS,Smp,C,200605,1.0046212486021107,"DL-Proline, D7 - IS.Norm.Area"
4uMStdsMix1InH2O,Std,1,200605,1498.6920815373026,"DL-Valine, D8 - IS.Norm.Area"
4uMStdsMix1InH2O,Std,2,200605,NA,"DL-Valine, D8 - IS.Norm.Area"
4uMStdsMix1InMatrix,Std,1,200605,NA,"DL-Valine, D8 - IS.Norm.Area"
4uMStdsMix1InMatrix,Std,2,200605,NA,"DL-Valine, D8 - IS.Norm.Area"
4uMStdsMix2InH2O,Std,1,200605,NA,"DL-Valine, D8 - IS.Norm.Area"
4uMStdsMix2InH2O,Std,2,200605,NA,"DL-Valine, D8 - IS.Norm.Area"
4uMStdsMix2InMatrix,Std,1,200605,NA,"DL-Valine, D8 - IS.Norm.Area"
4uMStdsMix2InMatrix,Std,2,200605,NA,"DL-Valine, D8 - IS.Norm.Area"
H2OinMatrix,Std,1,200605,1735.4049597891283,"DL-Valine, D8 - IS.Norm.Area"
H2OinMatrix,Std,2,200605,NA,"DL-Valine, D8 - IS.Norm.Area"
TruePooGBT,Poo,Full1,200605,0.7919306400561735,"DL-Valine, D8 - IS.Norm.Area"
TruePooGBT,Poo,Full2,200605,0.8871460688030703,"DL-Valine, D8 - IS.Norm.Area"
TruePooGBT,Poo,Full3,200605,0.9834057665981124,"DL-Valine, D8 - IS.Norm.Area"
TruePooGBT,Poo,Full4,200605,0.9758660329034814,"DL-Valine, D8 - IS.Norm.Area"
TruePooGBT,Poo,Full5,200605,0.9307399089524462,"DL-Valine, D8 - IS.Norm.Area"
TruePooGBT,Poo,Full6pos,200605,1.3673513754161792,"DL-Valine, D8 - IS.Norm.Area"
TruePooGBT,Poo,Half1,200605,1.5223405299937567,"DL-Valine, D8 - IS.Norm.Area"
TruePooGBT,Poo,Half2,200605,1.603634475228753,"DL-Valine, D8 - IS.Norm.Area"
TruePooGBT,Poo,Half3,200605,1.5654456623439479,"DL-Valine, D8 - IS.Norm.Area"
TruePooGBT,Poo,Half4,200605,1.3585140745910234,"DL-Valine, D8 - IS.Norm.Area"
TruePooGBT,Poo,Half5,200605,1.039330022062147,"DL-Valine, D8 - IS.Norm.Area"
TruePooGBT,Poo,Half6pos,200605,1.4720773515162275,"DL-Valine, D8 - IS.Norm.Area"
QC2,Poo,1,200605,2.113607801505703,"DL-Valine, D8 - IS.Norm.Area"
QC2,Poo,2,200605,2.2615652217159585,"DL-Valine, D8 - IS.Norm.Area"
QC2,Poo,3,200605,2.6949168071483847,"DL-Valine, D8 - IS.Norm.Area"
QC2,Poo,4,200605,2.5892917945763583,"DL-Valine, D8 - IS.Norm.Area"
QC2,Poo,5,200605,2.5637424628206995,"DL-Valine, D8 - IS.Norm.Area"
GBTFate1MBlk-IS,Blk,A,200605,0.9556683527055329,"DL-Valine, D8 - IS.Norm.Area"
GBTFate1MBlk-IS,Blk,B,200605,0.8871638435145178,"DL-Valine, D8 - IS.Norm.Area"
GBTFate1MT0-IS,Smp,A,200605,1.043390360337598,"DL-Valine, D8 - IS.Norm.Area"
GBTFate1MT0-IS,Smp,B,200605,1.0438497159224454,"DL-Valine, D8 - IS.Norm.Area"
GBTFate1MT0-IS,Smp,C,200605,1.1233900653785134,"DL-Valine, D8 - IS.Norm.Area"
GBTFate1MT12-IS,Smp,A,200605,1.0228688596316424,"DL-Valine, D8 - IS.Norm.Area"
GBTFate1MT12-IS,Smp,B,200605,0.8742810032775445,"DL-Valine, D8 - IS.Norm.Area"
GBTFate1MT12-IS,Smp,C,200605,1.012851109882189,"DL-Valine, D8 - IS.Norm.Area"
GBTFate1MT36-IS,Smp,A,200605,0.9069042746651271,"DL-Valine, D8 - IS.Norm.Area"
GBTFate1MT36-IS,Smp,B,200605,0.9192546900278452,"DL-Valine, D8 - IS.Norm.Area"
GBTFate1MT36-IS,Smp,C,200605,1.054327671946567,"DL-Valine, D8 - IS.Norm.Area"
GBTFate1MT4-IS,Smp,A,200605,0.9263284709740226,"DL-Valine, D8 - IS.Norm.Area"
GBTFate1MT4-IS,Smp,B,200605,0.8562905581961353,"DL-Valine, D8 - IS.Norm.Area"
GBTFate1MT4-IS,Smp,C,200605,1.0987184153485992,"DL-Valine, D8 - IS.Norm.Area"
GBTFate1MT50-IS,Smp,A,200605,1.0069560341150317,"DL-Valine, D8 - IS.Norm.Area"
GBTFate1MT50-IS,Smp,B,200605,1.015209564883197,"DL-Valine, D8 - IS.Norm.Area"
GBTFate1MT50-IS,Smp,C,200605,0.9721598455793492,"DL-Valine, D8 - IS.Norm.Area"
GBTFate1MT8-IS,Smp,A,200605,1.0255075542002625,"DL-Valine, D8 - IS.Norm.Area"
GBTFate1MT8-IS,Smp,B,200605,0.8556375378920127,"DL-Valine, D8 - IS.Norm.Area"
GBTFate1MT8-IS,Smp,C,200605,1.0706469311384248,"DL-Valine, D8 - IS.Norm.Area"
GBTFate1MTlong-IS,Smp,A,200605,0.8713062009758489,"DL-Valine, D8 - IS.Norm.Area"
GBTFate1MTlong-IS,Smp,B,200605,0.9146824376134973,"DL-Valine, D8 - IS.Norm.Area"
GBTFate1MTlong-IS,Smp,C,200605,0.9524718184651064,"DL-Valine, D8 - IS.Norm.Area"
GBTFate2MT0-IS,Smp,A,200605,1.0213819310157177,"DL-Valine, D8 - IS.Norm.Area"
GBTFate2MT0-IS,Smp,B,200605,0.8842697581429777,"DL-Valine, D8 - IS.Norm.Area"
GBTFate2MT0-IS,Smp,C,200605,1.0154536761614403,"DL-Valine, D8 - IS.Norm.Area"
GBTFate2MT12-IS,Smp,A,200605,0.9647133596425589,"DL-Valine, D8 - IS.Norm.Area"
GBTFate2MT12-IS,Smp,B,200605,1.0610004128380435,"DL-Valine, D8 - IS.Norm.Area"
GBTFate2MT12-IS,Smp,C,200605,0.8575206198364589,"DL-Valine, D8 - IS.Norm.Area"
GBTFate2MT24-IS,Smp,A,200605,0.8633167024705299,"DL-Valine, D8 - IS.Norm.Area"
GBTFate2MT24-IS,Smp,B,200605,1.0049193649195023,"DL-Valine, D8 - IS.Norm.Area"
GBTFate2MT24-IS,Smp,C,200605,0.9576626189313807,"DL-Valine, D8 - IS.Norm.Area"
GBTFate2MT48-IS,Smp,A,200605,0.9278819813687389,"DL-Valine, D8 - IS.Norm.Area"
GBTFate2MT48-IS,Smp,B,200605,1.0154186296062848,"DL-Valine, D8 - IS.Norm.Area"
GBTFate2MT48-IS,Smp,C,200605,0.8370955880638509,"DL-Valine, D8 - IS.Norm.Area"
GBTFate2MT5-IS,Smp,A,200605,0.886968716199237,"DL-Valine, D8 - IS.Norm.Area"
GBTFate2MT5-IS,Smp,B,200605,0.9785475872813731,"DL-Valine, D8 - IS.Norm.Area"
GBTFate2MT5-IS,Smp,C,200605,0.9815858684569974,"DL-Valine, D8 - IS.Norm.Area"
GBTFate2MTlong-IS,Smp,A,200605,0.9584633010132874,"DL-Valine, D8 - IS.Norm.Area"
GBTFate2MTlong-IS,Smp,B,200605,0.9700836608988054,"DL-Valine, D8 - IS.Norm.Area"
GBTFate2MTlong-IS,Smp,C,200605,1.062082138846347,"DL-Valine, D8 - IS.Norm.Area"
4uMStdsMix1InH2O,Std,1,200605,1928.7469887332556,"Guanine, 13C-15N2 - IS.Norm.Area"
4uMStdsMix1InH2O,Std,2,200605,907.8616068513627,"Guanine, 13C-15N2 - IS.Norm.Area"
4uMStdsMix1InMatrix,Std,1,200605,419.5268457548443,"Guanine, 13C-15N2 - IS.Norm.Area"
4uMStdsMix1InMatrix,Std,2,200605,162.8129991134924,"Guanine, 13C-15N2 - IS.Norm.Area"
4uMStdsMix2InH2O,Std,1,200605,520.2026875212981,"Guanine, 13C-15N2 - IS.Norm.Area"
4uMStdsMix2InH2O,Std,2,200605,4330.685977772026,"Guanine, 13C-15N2 - IS.Norm.Area"
4uMStdsMix2InMatrix,Std,1,200605,153.9924190914946,"Guanine, 13C-15N2 - IS.Norm.Area"
4uMStdsMix2InMatrix,Std,2,200605,399.3519278724058,"Guanine, 13C-15N2 - IS.Norm.Area"
H2OinMatrix,Std,1,200605,244.51806178674082,"Guanine, 13C-15N2 - IS.Norm.Area"
H2OinMatrix,Std,2,200605,299.37779262883186,"Guanine, 13C-15N2 - IS.Norm.Area"
TruePooGBT,Poo,Full1,200605,0.9197393648714463,"Guanine, 13C-15N2 - IS.Norm.Area"
TruePooGBT,Poo,Full2,200605,0.7235140546111161,"Guanine, 13C-15N2 - IS.Norm.Area"
TruePooGBT,Poo,Full3,200605,0.9666743121253706,"Guanine, 13C-15N2 - IS.Norm.Area"
TruePooGBT,Poo,Full4,200605,1.0918101221140422,"Guanine, 13C-15N2 - IS.Norm.Area"
TruePooGBT,Poo,Full5,200605,1.2159708172468204,"Guanine, 13C-15N2 - IS.Norm.Area"
TruePooGBT,Poo,Full6pos,200605,1.9024821530451466,"Guanine, 13C-15N2 - IS.Norm.Area"
TruePooGBT,Poo,Half1,200605,1.896867415158611,"Guanine, 13C-15N2 - IS.Norm.Area"
TruePooGBT,Poo,Half2,200605,1.450604944014897,"Guanine, 13C-15N2 - IS.Norm.Area"
TruePooGBT,Poo,Half3,200605,1.8902915136329026,"Guanine, 13C-15N2 - IS.Norm.Area"
TruePooGBT,Poo,Half4,200605,2.07855646336212,"Guanine, 13C-15N2 - IS.Norm.Area"
TruePooGBT,Poo,Half5,200605,2.3720211060021135,"Guanine, 13C-15N2 - IS.Norm.Area"
TruePooGBT,Poo,Half6pos,200605,3.5006606612844835,"Guanine, 13C-15N2 - IS.Norm.Area"
QC2,Poo,1,200605,3.27542519033508,"Guanine, 13C-15N2 - IS.Norm.Area"
QC2,Poo,2,200605,2.763822251794122,"Guanine, 13C-15N2 - IS.Norm.Area"
QC2,Poo,3,200605,4.033809060815427,"Guanine, 13C-15N2 - IS.Norm.Area"
QC2,Poo,4,200605,4.7188268866093575,"Guanine, 13C-15N2 - IS.Norm.Area"
QC2,Poo,5,200605,5.433711875797431,"Guanine, 13C-15N2 - IS.Norm.Area"
GBTFate1MBlk-IS,Blk,A,200605,0.8181666806708494,"Guanine, 13C-15N2 - IS.Norm.Area"
GBTFate1MBlk-IS,Blk,B,200605,0.7108579295954159,"Guanine, 13C-15N2 - IS.Norm.Area"
GBTFate1MT0-IS,Smp,A,200605,1.225359468778063,"Guanine, 13C-15N2 - IS.Norm.Area"
GBTFate1MT0-IS,Smp,B,200605,0.857870144876996,"Guanine, 13C-15N2 - IS.Norm.Area"
GBTFate1MT0-IS,Smp,C,200605,1.2107459327442451,"Guanine, 13C-15N2 - IS.Norm.Area"
GBTFate1MT12-IS,Smp,A,200605,1.1340577354877592,"Guanine, 13C-15N2 - IS.Norm.Area"
GBTFate1MT12-IS,Smp,B,200605,0.7376222866327096,"Guanine, 13C-15N2 - IS.Norm.Area"
GBTFate1MT12-IS,Smp,C,200605,1.451287822140709,"Guanine, 13C-15N2 - IS.Norm.Area"
GBTFate1MT36-IS,Smp,A,200605,0.7109435419345701,"Guanine, 13C-15N2 - IS.Norm.Area"
GBTFate1MT36-IS,Smp,B,200605,0.6923216369037857,"Guanine, 13C-15N2 - IS.Norm.Area"
GBTFate1MT36-IS,Smp,C,200605,0.9610297404147966,"Guanine, 13C-15N2 - IS.Norm.Area"
GBTFate1MT4-IS,Smp,A,200605,1.003983498424868,"Guanine, 13C-15N2 - IS.Norm.Area"
GBTFate1MT4-IS,Smp,B,200605,0.7023853404213346,"Guanine, 13C-15N2 - IS.Norm.Area"
GBTFate1MT4-IS,Smp,C,200605,0.8214816338077953,"Guanine, 13C-15N2 - IS.Norm.Area"
GBTFate1MT50-IS,Smp,A,200605,0.8326506582131616,"Guanine, 13C-15N2 - IS.Norm.Area"
GBTFate1MT50-IS,Smp,B,200605,0.8666607527846115,"Guanine, 13C-15N2 - IS.Norm.Area"
GBTFate1MT50-IS,Smp,C,200605,1.1369486441674945,"Guanine, 13C-15N2 - IS.Norm.Area"
GBTFate1MT8-IS,Smp,A,200605,1.3180543582763986,"Guanine, 13C-15N2 - IS.Norm.Area"
GBTFate1MT8-IS,Smp,B,200605,0.8407497546179739,"Guanine, 13C-15N2 - IS.Norm.Area"
GBTFate1MT8-IS,Smp,C,200605,0.7830626117294396,"Guanine, 13C-15N2 - IS.Norm.Area"
GBTFate1MTlong-IS,Smp,A,200605,0.6912567066563738,"Guanine, 13C-15N2 - IS.Norm.Area"
GBTFate1MTlong-IS,Smp,B,200605,0.7231046106854282,"Guanine, 13C-15N2 - IS.Norm.Area"
GBTFate1MTlong-IS,Smp,C,200605,0.7131635737702847,"Guanine, 13C-15N2 - IS.Norm.Area"
GBTFate2MT0-IS,Smp,A,200605,0.80357559032347,"Guanine, 13C-15N2 - IS.Norm.Area"
GBTFate2MT0-IS,Smp,B,200605,1.0146630016040161,"Guanine, 13C-15N2 - IS.Norm.Area"
GBTFate2MT0-IS,Smp,C,200605,0.8152001644329123,"Guanine, 13C-15N2 - IS.Norm.Area"
GBTFate2MT12-IS,Smp,A,200605,0.9890488151206339,"Guanine, 13C-15N2 - IS.Norm.Area"
GBTFate2MT12-IS,Smp,B,200605,1.0946925510365073,"Guanine, 13C-15N2 - IS.Norm.Area"
GBTFate2MT12-IS,Smp,C,200605,0.901410779983938,"Guanine, 13C-15N2 - IS.Norm.Area"
GBTFate2MT24-IS,Smp,A,200605,0.8854927109373967,"Guanine, 13C-15N2 - IS.Norm.Area"
GBTFate2MT24-IS,Smp,B,200605,1.0070671571357859,"Guanine, 13C-15N2 - IS.Norm.Area"
GBTFate2MT24-IS,Smp,C,200605,1.13423656447376,"Guanine, 13C-15N2 - IS.Norm.Area"
GBTFate2MT48-IS,Smp,A,200605,1.1936429568607398,"Guanine, 13C-15N2 - IS.Norm.Area"
GBTFate2MT48-IS,Smp,B,200605,1.088786837441617,"Guanine, 13C-15N2 - IS.Norm.Area"
GBTFate2MT48-IS,Smp,C,200605,0.9139295529129421,"Guanine, 13C-15N2 - IS.Norm.Area"
GBTFate2MT5-IS,Smp,A,200605,0.8958442803307824,"Guanine, 13C-15N2 - IS.Norm.Area"
GBTFate2MT5-IS,Smp,B,200605,1.1151215433223631,"Guanine, 13C-15N2 - IS.Norm.Area"
GBTFate2MT5-IS,Smp,C,200605,0.9563585116891369,"Guanine, 13C-15N2 - IS.Norm.Area"
GBTFate2MTlong-IS,Smp,A,200605,0.8469287745895004,"Guanine, 13C-15N2 - IS.Norm.Area"
GBTFate2MTlong-IS,Smp,B,200605,1.156240083739357,"Guanine, 13C-15N2 - IS.Norm.Area"
GBTFate2MTlong-IS,Smp,C,200605,1.117470660639693,"Guanine, 13C-15N2 - IS.Norm.Area"
4uMStdsMix1InH2O,Std,1,200605,111.26725644989683,"L-Isoleucine, 15N - IS.Norm.Area"
4uMStdsMix1InH2O,Std,2,200605,46.05663684170955,"L-Isoleucine, 15N - IS.Norm.Area"
4uMStdsMix1InMatrix,Std,1,200605,258.4553365274988,"L-Isoleucine, 15N - IS.Norm.Area"
4uMStdsMix1InMatrix,Std,2,200605,37.06143230440355,"L-Isoleucine, 15N - IS.Norm.Area"
4uMStdsMix2InH2O,Std,1,200605,1.891677555900563,"L-Isoleucine, 15N - IS.Norm.Area"
4uMStdsMix2InH2O,Std,2,200605,1.6197961474288525,"L-Isoleucine, 15N - IS.Norm.Area"
4uMStdsMix2InMatrix,Std,1,200605,1.9042889078398857,"L-Isoleucine, 15N - IS.Norm.Area"
4uMStdsMix2InMatrix,Std,2,200605,1102.2089044685385,"L-Isoleucine, 15N - IS.Norm.Area"
H2OinMatrix,Std,1,200605,39.679677676993606,"L-Isoleucine, 15N - IS.Norm.Area"
H2OinMatrix,Std,2,200605,25.816230394555,"L-Isoleucine, 15N - IS.Norm.Area"
TruePooGBT,Poo,Full1,200605,0.9987998945577587,"L-Isoleucine, 15N - IS.Norm.Area"
TruePooGBT,Poo,Full2,200605,0.9259167248095531,"L-Isoleucine, 15N - IS.Norm.Area"
TruePooGBT,Poo,Full3,200605,0.8659167497644329,"L-Isoleucine, 15N - IS.Norm.Area"
TruePooGBT,Poo,Full4,200605,0.8433274215490404,"L-Isoleucine, 15N - IS.Norm.Area"
TruePooGBT,Poo,Full5,200605,0.8771223172212165,"L-Isoleucine, 15N - IS.Norm.Area"
TruePooGBT,Poo,Full6pos,200605,1.5768955051123776,"L-Isoleucine, 15N - IS.Norm.Area"
TruePooGBT,Poo,Half1,200605,2.1420527344906843,"L-Isoleucine, 15N - IS.Norm.Area"
TruePooGBT,Poo,Half2,200605,1.8856052951903157,"L-Isoleucine, 15N - IS.Norm.Area"
TruePooGBT,Poo,Half3,200605,1.869650124750844,"L-Isoleucine, 15N - IS.Norm.Area"
TruePooGBT,Poo,Half4,200605,1.7146765238212107,"L-Isoleucine, 15N - IS.Norm.Area"
TruePooGBT,Poo,Half5,200605,1.7433531824262922,"L-Isoleucine, 15N - IS.Norm.Area"
TruePooGBT,Poo,Half6pos,200605,3.09673479862174,"L-Isoleucine, 15N - IS.Norm.Area"
QC2,Poo,1,200605,2.4874403586853715,"L-Isoleucine, 15N - IS.Norm.Area"
QC2,Poo,2,200605,2.597923193067635,"L-Isoleucine, 15N - IS.Norm.Area"
QC2,Poo,3,200605,2.40549291919053,"L-Isoleucine, 15N - IS.Norm.Area"
QC2,Poo,4,200605,2.284269090827644,"L-Isoleucine, 15N - IS.Norm.Area"
QC2,Poo,5,200605,2.352007067300791,"L-Isoleucine, 15N - IS.Norm.Area"
GBTFate1MBlk-IS,Blk,A,200605,0.867043080717108,"L-Isoleucine, 15N - IS.Norm.Area"
GBTFate1MBlk-IS,Blk,B,200605,0.8846132981205478,"L-Isoleucine, 15N - IS.Norm.Area"
GBTFate1MT0-IS,Smp,A,200605,0.9071070725454311,"L-Isoleucine, 15N - IS.Norm.Area"
GBTFate1MT0-IS,Smp,B,200605,0.9323533568982567,"L-Isoleucine, 15N - IS.Norm.Area"
GBTFate1MT0-IS,Smp,C,200605,0.9528830228754254,"L-Isoleucine, 15N - IS.Norm.Area"
GBTFate1MT12-IS,Smp,A,200605,0.9147572056141166,"L-Isoleucine, 15N - IS.Norm.Area"
GBTFate1MT12-IS,Smp,B,200605,0.8830107859647245,"L-Isoleucine, 15N - IS.Norm.Area"
GBTFate1MT12-IS,Smp,C,200605,0.8364928388237636,"L-Isoleucine, 15N - IS.Norm.Area"
GBTFate1MT36-IS,Smp,A,200605,0.9275850889580133,"L-Isoleucine, 15N - IS.Norm.Area"
GBTFate1MT36-IS,Smp,B,200605,0.9929914445566602,"L-Isoleucine, 15N - IS.Norm.Area"
GBTFate1MT36-IS,Smp,C,200605,1.030888502896768,"L-Isoleucine, 15N - IS.Norm.Area"
GBTFate1MT4-IS,Smp,A,200605,1.023856327698078,"L-Isoleucine, 15N - IS.Norm.Area"
GBTFate1MT4-IS,Smp,B,200605,0.8797144680937052,"L-Isoleucine, 15N - IS.Norm.Area"
GBTFate1MT4-IS,Smp,C,200605,0.9163168589033653,"L-Isoleucine, 15N - IS.Norm.Area"
GBTFate1MT50-IS,Smp,A,200605,0.9317572757175535,"L-Isoleucine, 15N - IS.Norm.Area"
GBTFate1MT50-IS,Smp,B,200605,0.9403296873756121,"L-Isoleucine, 15N - IS.Norm.Area"
GBTFate1MT50-IS,Smp,C,200605,0.9526969689944724,"L-Isoleucine, 15N - IS.Norm.Area"
GBTFate1MT8-IS,Smp,A,200605,0.8956891583292891,"L-Isoleucine, 15N - IS.Norm.Area"
GBTFate1MT8-IS,Smp,B,200605,0.9592170132927498,"L-Isoleucine, 15N - IS.Norm.Area"
GBTFate1MT8-IS,Smp,C,200605,0.977290444161339,"L-Isoleucine, 15N - IS.Norm.Area"
GBTFate1MTlong-IS,Smp,A,200605,0.9817541262091974,"L-Isoleucine, 15N - IS.Norm.Area"
GBTFate1MTlong-IS,Smp,B,200605,1.0442734370306768,"L-Isoleucine, 15N - IS.Norm.Area"
GBTFate1MTlong-IS,Smp,C,200605,0.9897786872945343,"L-Isoleucine, 15N - IS.Norm.Area"
GBTFate2MT0-IS,Smp,A,200605,0.8701108424166534,"L-Isoleucine, 15N - IS.Norm.Area"
GBTFate2MT0-IS,Smp,B,200605,0.9645967881416712,"L-Isoleucine, 15N - IS.Norm.Area"
GBTFate2MT0-IS,Smp,C,200605,0.8560094254278081,"L-Isoleucine, 15N - IS.Norm.Area"
GBTFate2MT12-IS,Smp,A,200605,0.8882211909177458,"L-Isoleucine, 15N - IS.Norm.Area"
GBTFate2MT12-IS,Smp,B,200605,0.9181806673218463,"L-Isoleucine, 15N - IS.Norm.Area"
GBTFate2MT12-IS,Smp,C,200605,0.9982184902818654,"L-Isoleucine, 15N - IS.Norm.Area"
GBTFate2MT24-IS,Smp,A,200605,0.9505438955680335,"L-Isoleucine, 15N - IS.Norm.Area"
GBTFate2MT24-IS,Smp,B,200605,0.9332062815225375,"L-Isoleucine, 15N - IS.Norm.Area"
GBTFate2MT24-IS,Smp,C,200605,0.8725041045481172,"L-Isoleucine, 15N - IS.Norm.Area"
GBTFate2MT48-IS,Smp,A,200605,0.8687441143971867,"L-Isoleucine, 15N - IS.Norm.Area"
GBTFate2MT48-IS,Smp,B,200605,0.9284058516167787,"L-Isoleucine, 15N - IS.Norm.Area"
GBTFate2MT48-IS,Smp,C,200605,0.9612363854537981,"L-Isoleucine, 15N - IS.Norm.Area"
GBTFate2MT5-IS,Smp,A,200605,1.0213947598228956,"L-Isoleucine, 15N - IS.Norm.Area"
GBTFate2MT5-IS,Smp,B,200605,0.9344409552695181,"L-Isoleucine, 15N - IS.Norm.Area"
GBTFate2MT5-IS,Smp,C,200605,0.9005215045941278,"L-Isoleucine, 15N - IS.Norm.Area"
GBTFate2MTlong-IS,Smp,A,200605,0.9090980931410334,"L-Isoleucine, 15N - IS.Norm.Area"
GBTFate2MTlong-IS,Smp,B,200605,0.9097338291898134,"L-Isoleucine, 15N - IS.Norm.Area"
GBTFate2MTlong-IS,Smp,C,200605,0.9402774368364137,"L-Isoleucine, 15N - IS.Norm.Area"
4uMStdsMix1InH2O,Std,1,200605,453.31866196870124,"L-Methionine, D3 - IS.Norm.Area"
4uMStdsMix1InH2O,Std,2,200605,167.99226339058959,"L-Methionine, D3 - IS.Norm.Area"
4uMStdsMix1InMatrix,Std,1,200605,320.34557504447196,"L-Methionine, D3 - IS.Norm.Area"
4uMStdsMix1InMatrix,Std,2,200605,26.619640340277314,"L-Methionine, D3 - IS.Norm.Area"
4uMStdsMix2InH2O,Std,1,200605,99.69301714325258,"L-Methionine, D3 - IS.Norm.Area"
4uMStdsMix2InH2O,Std,2,200605,35.475718906444584,"L-Methionine, D3 - IS.Norm.Area"
4uMStdsMix2InMatrix,Std,1,200605,76.34002776707096,"L-Methionine, D3 - IS.Norm.Area"
4uMStdsMix2InMatrix,Std,2,200605,33.06250017827984,"L-Methionine, D3 - IS.Norm.Area"
H2OinMatrix,Std,1,200605,34.238441465150316,"L-Methionine, D3 - IS.Norm.Area"
H2OinMatrix,Std,2,200605,242.194972080835,"L-Methionine, D3 - IS.Norm.Area"
TruePooGBT,Poo,Full1,200605,0.985868509286136,"L-Methionine, D3 - IS.Norm.Area"
TruePooGBT,Poo,Full2,200605,1.0266258005963762,"L-Methionine, D3 - IS.Norm.Area"
TruePooGBT,Poo,Full3,200605,1.0147756906124838,"L-Methionine, D3 - IS.Norm.Area"
TruePooGBT,Poo,Full4,200605,1.0396474762519692,"L-Methionine, D3 - IS.Norm.Area"
TruePooGBT,Poo,Full5,200605,1.0120392087778853,"L-Methionine, D3 - IS.Norm.Area"
TruePooGBT,Poo,Full6pos,200605,1.9269440210365594,"L-Methionine, D3 - IS.Norm.Area"
TruePooGBT,Poo,Half1,200605,2.0456724055649014,"L-Methionine, D3 - IS.Norm.Area"
TruePooGBT,Poo,Half2,200605,1.8894417215999455,"L-Methionine, D3 - IS.Norm.Area"
TruePooGBT,Poo,Half3,200605,1.7751392764539151,"L-Methionine, D3 - IS.Norm.Area"
TruePooGBT,Poo,Half4,200605,1.6776709334202697,"L-Methionine, D3 - IS.Norm.Area"
TruePooGBT,Poo,Half5,200605,1.6739124914958714,"L-Methionine, D3 - IS.Norm.Area"
TruePooGBT,Poo,Half6pos,200605,2.7591487700580206,"L-Methionine, D3 - IS.Norm.Area"
QC2,Poo,1,200605,2.1918418898589778,"L-Methionine, D3 - IS.Norm.Area"
QC2,Poo,2,200605,2.3001722163893774,"L-Methionine, D3 - IS.Norm.Area"
QC2,Poo,3,200605,2.33771053512752,"L-Methionine, D3 - IS.Norm.Area"
QC2,Poo,4,200605,2.1261407319579844,"L-Methionine, D3 - IS.Norm.Area"
QC2,Poo,5,200605,2.236912591515902,"L-Methionine, D3 - IS.Norm.Area"
GBTFate1MBlk-IS,Blk,A,200605,0.8840841343435063,"L-Methionine, D3 - IS.Norm.Area"
GBTFate1MBlk-IS,Blk,B,200605,0.8758686043560008,"L-Methionine, D3 - IS.Norm.Area"
GBTFate1MT0-IS,Smp,A,200605,0.8901434809372439,"L-Methionine, D3 - IS.Norm.Area"
GBTFate1MT0-IS,Smp,B,200605,0.9241691384342614,"L-Methionine, D3 - IS.Norm.Area"
GBTFate1MT0-IS,Smp,C,200605,0.8605175961346083,"L-Methionine, D3 - IS.Norm.Area"
GBTFate1MT12-IS,Smp,A,200605,0.8834256741119931,"L-Methionine, D3 - IS.Norm.Area"
GBTFate1MT12-IS,Smp,B,200605,0.8674536590911636,"L-Methionine, D3 - IS.Norm.Area"
GBTFate1MT12-IS,Smp,C,200605,1.0016656656071408,"L-Methionine, D3 - IS.Norm.Area"
GBTFate1MT36-IS,Smp,A,200605,0.8691614383736445,"L-Methionine, D3 - IS.Norm.Area"
GBTFate1MT36-IS,Smp,B,200605,0.9060127613611187,"L-Methionine, D3 - IS.Norm.Area"
GBTFate1MT36-IS,Smp,C,200605,0.9387944894683402,"L-Methionine, D3 - IS.Norm.Area"
GBTFate1MT4-IS,Smp,A,200605,1.0440645395081056,"L-Methionine, D3 - IS.Norm.Area"
GBTFate1MT4-IS,Smp,B,200605,0.8565658726312653,"L-Methionine, D3 - IS.Norm.Area"
GBTFate1MT4-IS,Smp,C,200605,1.0143251220621308,"L-Methionine, D3 - IS.Norm.Area"
GBTFate1MT50-IS,Smp,A,200605,0.8955563400233416,"L-Methionine, D3 - IS.Norm.Area"
GBTFate1MT50-IS,Smp,B,200605,0.9265727083935263,"L-Methionine, D3 - IS.Norm.Area"
GBTFate1MT50-IS,Smp,C,200605,0.9251462889314321,"L-Methionine, D3 - IS.Norm.Area"
GBTFate1MT8-IS,Smp,A,200605,0.883145426069938,"L-Methionine, D3 - IS.Norm.Area"
GBTFate1MT8-IS,Smp,B,200605,0.9397826328994852,"L-Methionine, D3 - IS.Norm.Area"
GBTFate1MT8-IS,Smp,C,200605,0.9439655128374427,"L-Methionine, D3 - IS.Norm.Area"
GBTFate1MTlong-IS,Smp,A,200605,0.9681570338054747,"L-Methionine, D3 - IS.Norm.Area"
GBTFate1MTlong-IS,Smp,B,200605,1.0141447598136386,"L-Methionine, D3 - IS.Norm.Area"
GBTFate1MTlong-IS,Smp,C,200605,0.8644825335959667,"L-Methionine, D3 - IS.Norm.Area"
GBTFate2MT0-IS,Smp,A,200605,0.8559719780646793,"L-Methionine, D3 - IS.Norm.Area"
GBTFate2MT0-IS,Smp,B,200605,0.9277162689530232,"L-Methionine, D3 - IS.Norm.Area"
GBTFate2MT0-IS,Smp,C,200605,0.8712234556597961,"L-Methionine, D3 - IS.Norm.Area"
GBTFate2MT12-IS,Smp,A,200605,0.8276121560512666,"L-Methionine, D3 - IS.Norm.Area"
GBTFate2MT12-IS,Smp,B,200605,0.8501598261918504,"L-Methionine, D3 - IS.Norm.Area"
GBTFate2MT12-IS,Smp,C,200605,0.9888920815963735,"L-Methionine, D3 - IS.Norm.Area"
GBTFate2MT24-IS,Smp,A,200605,0.97897540829411,"L-Methionine, D3 - IS.Norm.Area"
GBTFate2MT24-IS,Smp,B,200605,1.1083816824401198,"L-Methionine, D3 - IS.Norm.Area"
GBTFate2MT24-IS,Smp,C,200605,0.9123613581635599,"L-Methionine, D3 - IS.Norm.Area"
GBTFate2MT48-IS,Smp,A,200605,0.8525915388193268,"L-Methionine, D3 - IS.Norm.Area"
GBTFate2MT48-IS,Smp,B,200605,0.8911537795062174,"L-Methionine, D3 - IS.Norm.Area"
GBTFate2MT48-IS,Smp,C,200605,0.9704337293978962,"L-Methionine, D3 - IS.Norm.Area"
GBTFate2MT5-IS,Smp,A,200605,0.9408448492271111,"L-Methionine, D3 - IS.Norm.Area"
GBTFate2MT5-IS,Smp,B,200605,0.855480573275518,"L-Methionine, D3 - IS.Norm.Area"
GBTFate2MT5-IS,Smp,C,200605,0.8913353090586624,"L-Methionine, D3 - IS.Norm.Area"
GBTFate2MTlong-IS,Smp,A,200605,0.930569458929176,"L-Methionine, D3 - IS.Norm.Area"
GBTFate2MTlong-IS,Smp,B,200605,0.9490561078863025,"L-Methionine, D3 - IS.Norm.Area"
GBTFate2MTlong-IS,Smp,C,200605,0.9867786363265624,"L-Methionine, D3 - IS.Norm.Area"
